-- MySQL dump 10.13  Distrib 8.4.7, for Linux (x86_64)
--
-- Host: localhost    Database: last_project_db
-- ------------------------------------------------------
-- Server version	8.4.7-0ubuntu0.25.04.1

/*!40101 SET @OLD_CHARACTER_SET_CLIENT=@@CHARACTER_SET_CLIENT */;
/*!40101 SET @OLD_CHARACTER_SET_RESULTS=@@CHARACTER_SET_RESULTS */;
/*!40101 SET @OLD_COLLATION_CONNECTION=@@COLLATION_CONNECTION */;
/*!50503 SET NAMES utf8mb4 */;
/*!40103 SET @OLD_TIME_ZONE=@@TIME_ZONE */;
/*!40103 SET TIME_ZONE='+00:00' */;
/*!40014 SET @OLD_UNIQUE_CHECKS=@@UNIQUE_CHECKS, UNIQUE_CHECKS=0 */;
/*!40014 SET @OLD_FOREIGN_KEY_CHECKS=@@FOREIGN_KEY_CHECKS, FOREIGN_KEY_CHECKS=0 */;
/*!40101 SET @OLD_SQL_MODE=@@SQL_MODE, SQL_MODE='NO_AUTO_VALUE_ON_ZERO' */;
/*!40111 SET @OLD_SQL_NOTES=@@SQL_NOTES, SQL_NOTES=0 */;

--
-- Table structure for table `comments`
--

DROP TABLE IF EXISTS `comments`;
/*!40101 SET @saved_cs_client     = @@character_set_client */;
/*!50503 SET character_set_client = utf8mb4 */;
CREATE TABLE `comments` (
  `comment_id` int NOT NULL AUTO_INCREMENT,
  `user_id` int DEFAULT NULL,
  `post_id` int DEFAULT NULL,
  `content` text,
  PRIMARY KEY (`comment_id`),
  KEY `fk_comments_user` (`user_id`),
  KEY `fk_comments_post` (`post_id`),
  CONSTRAINT `fk_comments_post` FOREIGN KEY (`post_id`) REFERENCES `posts` (`post_id`),
  CONSTRAINT `fk_comments_user` FOREIGN KEY (`user_id`) REFERENCES `users` (`user_id`)
) ENGINE=InnoDB AUTO_INCREMENT=4 DEFAULT CHARSET=utf8mb4 COLLATE=utf8mb4_0900_ai_ci;
/*!40101 SET character_set_client = @saved_cs_client */;

--
-- Dumping data for table `comments`
--

LOCK TABLES `comments` WRITE;
/*!40000 ALTER TABLE `comments` DISABLE KEYS */;
INSERT INTO `comments` VALUES (1,2,1,'Nice post!'),(2,3,1,'Interesting.'),(3,1,2,'Thanks for sharing!');
/*!40000 ALTER TABLE `comments` ENABLE KEYS */;
UNLOCK TABLES;

--
-- Table structure for table `passwords`
--

DROP TABLE IF EXISTS `passwords`;
/*!40101 SET @saved_cs_client     = @@character_set_client */;
/*!50503 SET character_set_client = utf8mb4 */;
CREATE TABLE `passwords` (
  `password_id` int NOT NULL AUTO_INCREMENT,
  `user_id` int DEFAULT NULL,
  `password` varchar(255) DEFAULT NULL,
  PRIMARY KEY (`password_id`),
  KEY `fk_passwords_user` (`user_id`),
  CONSTRAINT `fk_passwords_user` FOREIGN KEY (`user_id`) REFERENCES `users` (`user_id`)
) ENGINE=InnoDB AUTO_INCREMENT=4 DEFAULT CHARSET=utf8mb4 COLLATE=utf8mb4_0900_ai_ci;
/*!40101 SET character_set_client = @saved_cs_client */;

--
-- Dumping data for table `passwords`
--

LOCK TABLES `passwords` WRITE;
/*!40000 ALTER TABLE `passwords` DISABLE KEYS */;
INSERT INTO `passwords` VALUES (1,1,'hashedpassword1'),(2,2,'hashedpassword2'),(3,3,'hashedpassword3');
/*!40000 ALTER TABLE `passwords` ENABLE KEYS */;
UNLOCK TABLES;

--
-- Table structure for table `posts`
--

DROP TABLE IF EXISTS `posts`;
/*!40101 SET @saved_cs_client     = @@character_set_client */;
/*!50503 SET character_set_client = utf8mb4 */;
CREATE TABLE `posts` (
  `post_id` int NOT NULL AUTO_INCREMENT,
  `user_id` int DEFAULT NULL,
  `content` text,
  `title` varchar(255) DEFAULT NULL,
  PRIMARY KEY (`post_id`),
  KEY `fk_posts_user` (`user_id`),
  CONSTRAINT `fk_posts_user` FOREIGN KEY (`user_id`) REFERENCES `users` (`user_id`)
) ENGINE=InnoDB AUTO_INCREMENT=4 DEFAULT CHARSET=utf8mb4 COLLATE=utf8mb4_0900_ai_ci;
/*!40101 SET character_set_client = @saved_cs_client */;

--
-- Dumping data for table `posts`
--

LOCK TABLES `posts` WRITE;
/*!40000 ALTER TABLE `posts` DISABLE KEYS */;
INSERT INTO `posts` VALUES (1,1,'Hello world!','First Post'),(2,2,'This is a post by user 2','My Post'),(3,1,'More content from user 1','Another Post');
/*!40000 ALTER TABLE `posts` ENABLE KEYS */;
UNLOCK TABLES;

--
-- Table structure for table `todos`
--

DROP TABLE IF EXISTS `todos`;
/*!40101 SET @saved_cs_client     = @@character_set_client */;
/*!50503 SET character_set_client = utf8mb4 */;
CREATE TABLE `todos` (
  `todo_id` int NOT NULL AUTO_INCREMENT,
  `user_id` int DEFAULT NULL,
  `content` text,
  `status` tinyint(1) DEFAULT '0',
  PRIMARY KEY (`todo_id`),
  KEY `fk_todos_user` (`user_id`),
  CONSTRAINT `fk_todos_user` FOREIGN KEY (`user_id`) REFERENCES `users` (`user_id`)
) ENGINE=InnoDB AUTO_INCREMENT=4 DEFAULT CHARSET=utf8mb4 COLLATE=utf8mb4_0900_ai_ci;
/*!40101 SET character_set_client = @saved_cs_client */;

--
-- Dumping data for table `todos`
--

LOCK TABLES `todos` WRITE;
/*!40000 ALTER TABLE `todos` DISABLE KEYS */;
INSERT INTO `todos` VALUES (1,1,'Buy groceries',0),(2,2,'Finish homework',0),(3,3,'Walk the dog',1);
/*!40000 ALTER TABLE `todos` ENABLE KEYS */;
UNLOCK TABLES;

--
-- Table structure for table `users`
--

DROP TABLE IF EXISTS `users`;
/*!40101 SET @saved_cs_client     = @@character_set_client */;
/*!50503 SET character_set_client = utf8mb4 */;
CREATE TABLE `users` (
  `user_id` int NOT NULL AUTO_INCREMENT,
  `username` varchar(255) NOT NULL,
  PRIMARY KEY (`user_id`)
) ENGINE=InnoDB AUTO_INCREMENT=4 DEFAULT CHARSET=utf8mb4 COLLATE=utf8mb4_0900_ai_ci;
/*!40101 SET character_set_client = @saved_cs_client */;

--
-- Dumping data for table `users`
--

LOCK TABLES `users` WRITE;
/*!40000 ALTER TABLE `users` DISABLE KEYS */;
INSERT INTO `users` VALUES (1,'alice'),(2,'bob'),(3,'charlie');
/*!40000 ALTER TABLE `users` ENABLE KEYS */;
UNLOCK TABLES;
/*!40103 SET TIME_ZONE=@OLD_TIME_ZONE */;

/*!40101 SET SQL_MODE=@OLD_SQL_MODE */;
/*!40014 SET FOREIGN_KEY_CHECKS=@OLD_FOREIGN_KEY_CHECKS */;
/*!40014 SET UNIQUE_CHECKS=@OLD_UNIQUE_CHECKS */;
/*!40101 SET CHARACTER_SET_CLIENT=@OLD_CHARACTER_SET_CLIENT */;
/*!40101 SET CHARACTER_SET_RESULTS=@OLD_CHARACTER_SET_RESULTS */;
/*!40101 SET COLLATION_CONNECTION=@OLD_COLLATION_CONNECTION */;
/*!40111 SET SQL_NOTES=@OLD_SQL_NOTES */;

-- Dump completed on 2025-11-30 15:26:55
